claim_id,score
WC711348,0.00167000555187682
WC711349,0.0016208406231430562
WC711350,0.006524717922505541
WC711351,0.004576549407984144
WC711352,0.005686141641989854
WC711353,0.005694092621253211
WC711354,0.0051636530795462175
WC711355,0.0026271294001547923
WC711356,0.004755879364530387
WC711357,0.002323131686062618
WC711358,0.011847397053121267
WC711359,0.003938162554902012
WC711360,0.002564023129295617
WC711361,0.0048153560164552675
WC711362,0.0012878328983673333
WC711363,0.00620755181789705
WC711364,0.005855425619830238
WC711365,0.0011491214373528212
WC711366,0.006077757431988422
WC711367,0.0051636530795462175
WC711368,0.004299470502331362
WC711369,0.0020599724163639266
WC711370,0.006164838805423198
WC711371,0.0966684402638001
WC711372,0.0022686554236428544
WC711373,0.0052025380021374825
WC711374,0.005932310867074119
WC711375,0.008191470794563718
WC711376,0.006460748392630076
WC711377,0.0065103523895254835
WC711378,0.0065583707301261635
WC711379,0.006377793923284155
WC711380,0.013507092679595793
WC711381,0.004093281894922323
WC711382,0.002312560350757638
WC711383,0.003956955095459865
WC711384,0.008701657196405997
WC711385,0.0038356357776893083
WC711386,0.0026530955524597705
WC711387,0.004299470502331362
WC711388,0.004621239134961996
WC711389,0.053403296845879
WC711390,0.0019205483040005697
WC711391,0.006377793923284155
WC711392,0.04289902824077325
WC711393,0.026150165972556098
WC711394,0.00444501371071319
WC711395,0.006007671268316902
WC711396,0.006879953142753587
WC711397,0.0052025380021374825
WC711398,0.004323924202391966
WC711399,0.0012712124492189013
WC711400,0.0017407632209834913
WC711401,0.02459150989491514
WC711402,0.004337344175453307
WC711403,0.005932310867074119
WC711404,0.0075337646725263125
WC711405,0.0016186448747159126
WC711406,0.05506901609742965
WC711407,0.0466465508030621
WC711408,0.004739004540042972
WC711409,0.0025608206148081264
WC711410,0.0053900466202506684
WC711411,0.014441150825581098
WC711412,0.002581600197329874
WC711413,0.0009247086218341879
WC711414,0.006429826078240183
WC711415,0.007013819949943884
WC711416,0.0051670087355340216
WC711417,0.004576549407984144
WC711418,0.8614044067526649
WC711419,0.004517276844216905
WC711420,0.00539622348681183
WC711421,0.004515464753008953
WC711422,0.006007671268316902
WC711423,0.0012734563094625305
WC711424,0.0011722613330302253
WC711425,0.004930775922460525
WC711426,0.005924029232219924
WC711427,0.043962579192480644
WC711428,0.005406195832454626
WC711429,0.011065294180680396
WC711430,0.005924029232219924
WC711431,0.0015300511262610042
WC711432,0.0031490972914319402
WC711433,0.004604873265223615
WC711434,0.006377793923284155
WC711435,0.0018396094996112747
WC711436,0.006274739178538986
WC711437,0.003684734519635821
WC711438,0.0010360415343339858
WC711439,0.006258925820352003
WC711440,0.0018173609230790915
WC711441,0.0051636530795462175
WC711442,0.009830872317570153
WC711443,0.036143116587931914
WC711444,0.028032761939583265
WC711445,0.4421330321264536
WC711446,0.03934628618182605
WC711447,0.005036927146014825
WC711448,0.004180676545599172
WC711449,0.00798502727440031
WC711450,0.005970078454173126
WC711451,0.003105356549287231
WC711452,0.0010736295157642406
WC711453,0.005593527600827983
WC711454,0.0015527983019150641
WC711455,0.04398330879600606
WC711456,0.0062623662013935565
WC711457,0.001723135908417322
WC711458,0.004895840327268987
WC711459,0.006040287061564718
WC711460,0.004817012205968899
WC711461,0.0018704015361088553
WC711462,0.005831250418091516
WC711463,0.0011768015028974083
WC711464,0.03123284647214808
WC711465,0.0013468580964246242
WC711466,0.02698903057374758
WC711467,0.5120641841061739
WC711468,0.07567017077370745
WC711469,0.001583708042133298
WC711470,0.0043312794471372955
WC711471,0.007403696859829792
WC711472,0.0028198556305426598
WC711473,0.0012712124492189013
WC711474,0.009354498237893246
WC711475,0.006017189963478574
WC711476,0.01041286393992158
WC711477,0.0024175643698028998
WC711478,0.005308638748013949
WC711479,0.005398755786296428
WC711480,0.001313902050774898
WC711481,0.006036575691063183
WC711482,0.004284512145907013
WC711483,0.005160805427454899
WC711484,0.005815003433866777
WC711485,0.006377793923284155
WC711486,0.011229936109825717
WC711487,0.004050538193160537
WC711488,0.005686141641989854
WC711489,0.005694092621253211
WC711490,0.0026716518958434885
WC711491,0.0013762945468712435
WC711492,0.004565296203545132
WC711493,0.0033916049797016005
WC711494,0.004849414549598567
WC711495,0.0026742752652078143
WC711496,0.6500370350492002
WC711497,0.1902390320574912
WC711498,0.0010949152816473271
WC711499,0.005451719566415606
WC711500,0.008118260904136365
WC711501,0.0010487279188103667
WC711502,0.007000756195152786
WC711503,0.004291083539498158
WC711504,0.010562258062870752
WC711505,0.005869268676199336
WC711506,0.004655228632595418
WC711507,0.007132358972959268
WC711508,0.0012734563094625305
WC711509,0.0090169095586201
WC711510,0.012190806499913422
WC711511,0.027959652344111206
WC711512,0.0012712124492189013
WC711513,0.008847097670408746
WC711514,0.007313277024120923
WC711515,0.00490863107882764
WC711516,0.004321346208294172
WC711517,0.006036575691063183
WC711518,0.006135199658658945
WC711519,0.0015527983019150641
WC711520,0.005932310867074119
WC711521,0.0010736295157642406
WC711522,0.0046934403222175765
WC711523,0.004865560477554747
WC711524,0.004477973617972942
WC711525,0.0072655394530717985
WC711526,0.0065583707301261635
WC711527,0.007629578408238419
WC711528,0.004887073082869992
WC711529,0.0029738867732633702
WC711530,0.003644538965046078
WC711531,0.007379012973528891
WC711532,0.0011588433720000884
WC711533,0.006187493094004651
WC711534,0.003583697871764311
WC711535,0.004515464753008953
WC711536,0.004517276844216905
WC711537,0.002211146767711837
WC711538,0.0015527983019150641
WC711539,0.004882848293303426
WC711540,0.00444884370715209
WC711541,0.004631039311799411
WC711542,0.0013362852288554816
WC711543,0.004537795205669484
WC711544,0.006728769794685493
WC711545,0.003615590315651705
WC711546,0.00427345443373007
WC711547,0.003960974527136756
WC711548,0.007648506894675497
WC711549,0.005587895550493258
WC711550,0.004593979095523515
WC711551,0.007836860747783213
WC711552,0.043013589398180035
WC711553,0.0020947100355624697
WC711554,0.0013560029346266038
WC711555,0.004983774874302498
WC711556,0.0011509738907611268
WC711557,0.0028600614915498413
WC711558,0.006216227331235417
WC711559,0.0076811797054786215
WC711560,0.004505772565416263
WC711561,0.004869771074356582
WC711562,0.009879939437631439
WC711563,0.002565334959214137
WC711564,0.007012687089257193
WC711565,0.02053014035609974
WC711566,0.006507531193137045
WC711567,0.02542893000053134
WC711568,0.004517276844216905
WC711569,0.0010949152816473271
WC711570,0.8010842188445698
WC711571,0.8046027672562406
WC711572,0.001577882935654275
WC711573,0.0016823012309538895
WC711574,0.004666610979570514
WC711575,0.0022185705009272957
WC711576,0.006604257504434848
WC711577,0.0023376730820261556
WC711578,0.0050657552270752275
WC711579,0.0010949152816473271
WC711580,0.005195410655159528
WC711581,0.004576549407984144
WC711582,0.0012373798190671746
WC711583,0.8482919586310101
WC711584,0.0022777900303439405
WC711585,0.004079036712764112
WC711586,0.02397058692278566
WC711587,0.005301223129881323
WC711588,0.005258442580274152
WC711589,0.0012712124492189013
WC711590,0.005018050547767616
WC711591,0.0012712124492189013
WC711592,0.005563679320862486
WC711593,0.0018396094996112747
WC711594,0.009902158155857963
WC711595,0.004175444735379953
WC711596,0.001959052893667301
WC711597,0.012569934334747993
WC711598,0.0015300511262610042
WC711599,0.004863645793439407
WC711600,0.008521221117701868
WC711601,0.0023279297767940664
WC711602,0.0027999549327469768
WC711603,0.00449451593331113
WC711604,0.00419410030858132
WC711605,0.0032926516652812647
WC711606,0.0041589765266582665
WC711607,0.0012734563094625305
WC711608,0.07760670370408816
WC711609,0.0012712124492189013
WC711610,0.001340773119757929
WC711611,0.014244775873393921
WC711612,0.005681953824671872
WC711613,0.009354498237893246
WC711614,0.006258925820352003
WC711615,0.00751417054512057
WC711616,0.001703016029416365
WC711617,0.006258925820352003
WC711618,0.004795893070407101
WC711619,0.0036462012589919537
WC711620,0.0021678148839689177
WC711621,0.004479770731402168
WC711622,0.0026716518958434885
WC711623,0.005301450457857814
WC711624,0.013680663785313909
WC711625,0.004662520257395022
WC711626,0.01320063420066586
WC711627,0.008953510985624673
WC711628,0.0018058860627238361
WC711629,0.0012712124492189013
WC711630,0.001176164792507984
WC711631,0.004865560477554747
WC711632,0.0017846163707986528
WC711633,0.007636603772752919
WC711634,0.005301450457857814
WC711635,0.0031490972914319402
WC711636,0.009678313076517647
WC711637,0.005975113230192352
WC711638,0.004832553592799919
WC711639,0.0013777832206410831
WC711640,0.0042971527755521636
WC711641,0.0012712124492189013
WC711642,0.0038356357776893083
WC711643,0.0046977166981206
WC711644,0.004537795205669484
WC711645,0.0011722613330302253
WC711646,0.005681953824671872
WC711647,0.0032248150178338167
WC711648,0.005932310867074119
WC711649,0.007435151147062665
WC711650,0.004204437359623852
WC711651,0.0065371858472400325
WC711652,0.006698617127794268
WC711653,0.005230898640588829
WC711654,0.004863609356069659
WC711655,0.00216224076360619
WC711656,0.004299470502331362
WC711657,0.013999796467881777
WC711658,0.5787403327067329
WC711659,0.04792157877182388
WC711660,0.03289021312581422
WC711661,0.0052361932971783185
WC711662,0.0017105687530140944
WC711663,0.003270915807199445
WC711664,0.002043151938109773
WC711665,0.011214875314811794
WC711666,0.0020909901000175026
WC711667,0.007532673959606997
WC711668,0.0038356357776893083
WC711669,0.004537795205669484
WC711670,0.005103467507664051
WC711671,0.006135199658658945
WC711672,0.0038450973566525955
WC711673,0.010629768731247923
WC711674,0.005932310867074119
WC711675,0.005924029232219924
WC711676,0.0017329235927252815
WC711677,0.006728769794685493
WC711678,0.0044794569793874
WC711679,0.005932310867074119
WC711680,0.008576131405002132
WC711681,0.0029339975719230534
WC711682,0.006106893447286187
WC711683,0.010562258062870752
WC711684,0.005614791734749008
WC711685,0.0019027246951617207
WC711686,0.00619933416773754
WC711687,0.00450104207197935
WC711688,0.004733793216300927
WC711689,0.0070960087616102705
WC711690,0.00525241693709438
WC711691,0.005526829097868796
WC711692,0.0041589765266582665
WC711693,0.025482879152917328
WC711694,0.006621000598346893
WC711695,0.0019737804192401687
WC711696,0.006368894368883255
WC711697,0.006315765900095434
WC711698,0.0042971527755521636
WC711699,0.005694092621253211
WC711700,0.002564023129295617
WC711701,0.00437181207552743
WC711702,0.012569934334747993
WC711703,0.865419753862261
WC711704,0.013940645342185469
WC711705,0.0035017185428746138
WC711706,0.06917755340149945
WC711707,0.005587895550493258
WC711708,0.004299470502331362
WC711709,0.004299470502331362
WC711710,0.006373432257681688
WC711711,0.001504762200852329
WC711712,0.011518755599834306
WC711713,0.00491995179809549
WC711714,0.004047284184320979
WC711715,0.004739004540042972
WC711716,0.004515464753008953
WC711717,0.005036927146014825
WC711718,0.005932310867074119
WC711719,0.001065769698018047
WC711720,0.006377793923284155
WC711721,0.0042971527755521636
WC711722,0.004865560477554747
WC711723,0.0012734563094625305
WC711724,0.007872218943422217
WC711725,0.005018050547767616
WC711726,0.006189846847973374
WC711727,0.004666610979570514
WC711728,0.00958689733513951
WC711729,0.0030814642800841992
WC711730,0.005301450457857814
WC711731,0.0016964716925363817
WC711732,0.00496609546519966
WC711733,0.005524695142671948
WC711734,0.007235968472314107
WC711735,0.004545399120085504
WC711736,0.0012712124492189013
WC711737,0.0015282708759202272
WC711738,0.0036577923327616143
WC711739,0.005301450457857814
WC711740,0.004049129335698754
WC711741,0.004299470502331362
WC711742,0.0035204892209128426
WC711743,0.003228360822106101
WC711744,0.007614363656556595
WC711745,0.006728769794685493
WC711746,0.0010949152816473271
WC711747,0.00423450044676344
WC711748,0.018809915783296542
WC711749,0.001387726683495183
WC711750,0.006012334476604129
WC711751,0.018797551680578374
WC711752,0.6563118917973982
WC711753,0.0042971527755521636
WC711754,0.005694092621253211
WC711755,0.06695170387008442
WC711756,0.005932310867074119
WC711757,0.003622471465207232
WC711758,0.0127285353131211
WC711759,0.0033525702658186536
WC711760,0.005526371654503765
WC711761,0.0042971527755521636
WC711762,0.005935572788067826
WC711763,0.0031490972914319402
WC711764,0.011609663987764663
WC711765,0.005900407049070744
WC711766,0.011287874061127984
WC711767,0.0050344490919658706
WC711768,0.07760670370408816
WC711769,0.005576270658205364
WC711770,0.005301450457857814
WC711771,0.004655228632595418
WC711772,0.006368894368883255
WC711773,0.009703045022674026
WC711774,0.03184627542548567
WC711775,0.0029498549708286827
WC711776,0.0012712124492189013
WC711777,0.0013936636088083736
WC711778,0.006728769794685493
WC711779,0.006386285120522834
WC711780,0.0022185705009272957
WC711781,0.005924029232219924
WC711782,0.04895708230364915
WC711783,0.006377793923284155
WC711784,0.0012712124492189013
WC711785,0.0013841814379094602
WC711786,0.006216227331235417
WC711787,0.005036927146014825
WC711788,0.005587895550493258
WC711789,0.0030904293030927428
WC711790,0.0014378212570394454
WC711791,0.017761996271949035
WC711792,0.0010736295157642406
WC711793,0.003801186702574999
WC711794,0.005593081926435633
WC711795,0.04676226825093035
WC711796,0.025918657848623818
WC711797,0.0012712124492189013
WC711798,0.0012712124492189013
WC711799,0.0012712124492189013
WC711800,0.005494076712366707
WC711801,0.0017431243379913176
WC711802,0.04604528862533343
WC711803,0.004499050950194817
WC711804,0.0012712124492189013
WC711805,0.007662776141290157
WC711806,0.03632392978248255
WC711807,0.0020236726737294713
WC711808,0.006036575691063183
WC711809,0.006377793923284155
WC711810,0.58866436176242
WC711811,0.0013452555516012574
WC711812,0.004241649374512789
WC711813,0.0010949152816473271
WC711814,0.006377793923284155
WC711815,0.0023093745999796006
WC711816,0.0012373798190671746
WC711817,0.010378549883239557
WC711818,0.16937685012739376
WC711819,0.012789359455725485
WC711820,0.018046886772662005
WC711821,0.0017105687530140944
WC711822,0.0052025380021374825
WC711823,0.007055213484505372
WC711824,0.0043138104503227005
WC711825,0.005308638748013949
WC711826,0.0012788378577822887
WC711827,0.005743717551984094
WC711828,0.006421271977136392
WC711829,0.0012734563094625305
WC711830,0.005717159088485289
WC711831,0.006377793923284155
WC711832,0.00244224577762174
WC711833,0.002093044497985082
WC711834,0.0065103523895254835
WC711835,0.004729598263713029
WC711836,0.006258925820352003
WC711837,0.003833108337956919
WC711838,0.0012712124492189013
WC711839,0.0017927998357135549
WC711840,0.005369195910093891
WC711841,0.006377793923284155
WC711842,0.0012712124492189013
WC711843,0.010219357795099387
WC711844,0.0031640037511249707
WC711845,0.004241649374512789
WC711846,0.005348978709402464
WC711847,0.0025316378596008746
WC711848,0.009266021718419698
WC711849,0.0032510201624652815
WC711850,0.0076811797054786215
WC711851,0.006377793923284155
WC711852,0.005994868008104253
WC711853,0.0017105687530140944
WC711854,0.005274009297983628
WC711855,0.008701657196405997
WC711856,0.005301450457857814
WC711857,0.004273107801658434
WC711858,0.004503166167746193
WC711859,0.014392409189731888
WC711860,0.005151789336614902
WC711861,0.8542463788311393
WC711862,0.0121350692603054
WC711863,0.0077593797623535425
WC711864,0.005587895550493258
WC711865,0.028510686067239818
WC711866,0.005838402004910149
WC711867,0.03420368719375626
WC711868,0.006148834622953925
WC711869,0.0047552903399156405
WC711870,0.005301450457857814
WC711871,0.007163005132496372
WC711872,0.0012100865482332335
WC711873,0.0012712124492189013
WC711874,0.04406085116398713
WC711875,0.005587895550493258
WC711876,0.010983438862220897
WC711877,0.004865560477554747
WC711878,0.005855425619830238
WC711879,0.007292973573605277
WC711880,0.006377793923284155
WC711881,0.006380617341575503
WC711882,0.005932310867074119
WC711883,0.002464923092130991
WC711884,0.005726267067974946
WC711885,0.005301450457857814
WC711886,0.0031159739526118307
WC711887,0.8845844701447515
WC711888,0.03582550471289701
WC711889,0.003833108337956919
WC711890,0.006377793923284155
WC711891,0.0071140802255065345
WC711892,0.0031490972914319402
WC711893,0.0025554513155373383
WC711894,0.0014497783228675067
WC711895,0.005601109691296902
WC711896,0.00406898926765758
WC711897,0.0017188453360259897
WC711898,0.007415167627045443
WC711899,0.005932310867074119
WC711900,0.0010736295157642406
WC711901,0.004277584693032954
WC711902,0.0007246091529293937
WC711903,0.004342915020199644
WC711904,0.006007671268316902
WC711905,0.005301450457857814
WC711906,0.005932310867074119
WC711907,0.9055726516159535
WC711908,0.5367521329914388
WC711909,0.006036575691063183
WC711910,0.006377793923284155
WC711911,0.0040332657678771745
WC711912,0.0016300238477636314
WC711913,0.006007671268316902
WC711914,0.019130480023446663
WC711915,0.006728769794685493
WC711916,0.0030953363416567122
WC711917,0.004291083539498158
WC711918,0.0017407757019408635
WC711919,0.0012712124492189013
WC711920,0.005413371350988243
WC711921,0.0012712124492189013
WC711922,0.012223723788075097
WC711923,0.008576131405002132
WC711924,0.005593527600827983
WC711925,0.004904642521448495
WC711926,0.004631039311799411
WC711927,0.0024429826991506543
WC711928,0.0012712124492189013
WC711929,0.008923570493202256
WC711930,0.0037405120147305294
WC711931,0.0013560029346266038
WC711932,0.0018840095257217436
WC711933,0.0022639115910180322
WC711934,0.0018858920540741413
WC711935,0.007497653637489471
WC711936,0.006007671268316902
WC711937,0.0024429826991506543
WC711938,0.0051670087355340216
WC711939,0.004684660830730089
WC711940,0.002127900593476365
WC711941,0.00412720419760298
WC711942,0.0032587464020616846
WC711943,0.0018519452086887722
WC711944,0.007379012973528891
WC711945,0.007721793214805274
WC711946,0.4615977291819329
WC711947,0.009354498237893246
WC711948,0.010543936247389547
WC711949,0.005151982495392145
WC711950,0.0008768799206817359
WC711951,0.009126893774554367
WC711952,0.004805210470372016
WC711953,0.013507092679595793
WC711954,0.003801186702574999
WC711955,0.005915375527223378
WC711956,0.01652743640042421
WC711957,0.00580235681563798
WC711958,0.021031525763327768
WC711959,0.004663616145938251
WC711960,0.0012203785583704012
WC711961,0.006886759540742791
WC711962,0.005932310867074119
WC711963,0.003067681573677839
WC711964,0.00578685294634088
WC711965,0.006728769794685493
WC711966,0.0018053975843811646
WC711967,0.002984136503732771
WC711968,0.004047284184320979
WC711969,0.04143588942283621
WC711970,0.005768205972578174
WC711971,0.002259847490168977
WC711972,0.004517276844216905
WC711973,0.0019342589909387394
WC711974,0.006680375968703793
WC711975,0.005647224201372589
WC711976,0.04617039562361992
WC711977,0.004792022711229961
WC711978,0.006258925820352003
WC711979,0.0051636530795462175
WC711980,0.0016055048408745584
WC711981,0.00741424825279588
WC711982,0.005686141641989854
WC711983,0.004409301644340433
WC711984,0.9510353394973986
WC711985,0.0026507192175003382
WC711986,0.00676159775719315
WC711987,0.0025568202170381236
WC711988,0.00720122858845197
WC711989,0.0012712124492189013
WC711990,0.006728769794685493
WC711991,0.00672600724082295
WC711992,0.002347664481625217
WC711993,0.006487292916783227
WC711994,0.0010949152816473271
WC711995,0.0012712124492189013
WC711996,0.004613891730104779
WC711997,0.004865560477554747
WC711998,0.001410125202256956
WC711999,0.004382861944020768
WC712000,0.02725885321844864
WC712001,0.001517433015505481
WC712002,0.006096444049468135
WC712003,0.006377793923284155
WC712004,0.010264933098234435
WC712005,0.0010949152816473271
WC712006,0.0033065662088978855
WC712007,0.004739004540042972
WC712008,0.009178829599021795
WC712009,0.005312381869933359
WC712010,0.008827602714939214
WC712011,0.00424530489155355
WC712012,0.005629031957193238
WC712013,0.006036575691063183
WC712014,0.0010736295157642406
WC712015,0.008097356316157602
WC712016,0.004517276844216905
WC712017,0.0012712124492189013
WC712018,0.0050364790227735955
WC712019,0.0012373798190671746
WC712020,0.005932310867074119
WC712021,0.009208088204736665
WC712022,0.005694092621253211
WC712023,0.008959832560467701
WC712024,0.005932310867074119
WC712025,0.03184627542548567
WC712026,0.0012066374744480978
WC712027,0.005103467507664051
WC712028,0.0030073046099858914
WC712029,0.0012712124492189013
WC712030,0.005034910977983963
WC712031,0.0022335976119893662
WC712032,0.002570546371711495
WC712033,0.0016186448747159126
WC712034,0.004485067387045477
WC712035,0.0010949152816473271
WC712036,0.006728769794685493
WC712037,0.006216227331235417
WC712038,0.004517276844216905
WC712039,0.04676226825093035
WC712040,0.005932310867074119
WC712041,0.00676476329347229
WC712042,0.0012028705937697467
WC712043,0.006971951120009469
WC712044,0.007774273987268695
WC712045,0.006377793923284155
WC712046,0.006036575691063183
WC712047,0.0076760210242028245
WC712048,0.014754688504769768
WC712049,0.0045819776891774045
WC712050,0.004742347927728839
WC712051,0.006385939228857421
WC712052,0.001258006622720663
WC712053,0.005301450457857814
WC712054,0.0047210943617096305
WC712055,0.007149461260916521
WC712056,0.014154365034761064
WC712057,0.007581009690211337
WC712058,0.013831429925230988
WC712059,0.0065583707301261635
WC712060,0.0012712124492189013
WC712061,0.012973789527403322
WC712062,0.005018050547767616
WC712063,0.00568865334264998
WC712064,0.001983135897996947
WC712065,0.00552318224971086
WC712066,0.005932310867074119
WC712067,0.03184627542548567
WC712068,0.005932310867074119
WC712069,0.005694092621253211
WC712070,0.0042748230507864485
WC712071,0.01695974427162433
WC712072,0.015441859607097147
WC712073,0.004662520257395022
WC712074,0.004983774874302498
WC712075,0.0017121343655369648
WC712076,0.05675306651633872
WC712077,0.005018050547767616
WC712078,0.004795893070407101
WC712079,0.0061056726068204285
WC712080,0.04935758292322165
WC712081,0.005301450457857814
WC712082,0.009688283074032283
WC712083,0.011762356071359161
WC712084,0.014142809793650783
WC712085,0.0021914687902391855
WC712086,0.00841826273529458
WC712087,0.0016208406231430562
WC712088,0.008122585533845003
WC712089,0.009465285177745987
WC712090,0.0016380852574130265
WC712091,0.004823432913295316
WC712092,0.7971405608501846
WC712093,0.005932310867074119
WC712094,0.010459579618682565
WC712095,0.005308638748013949
WC712096,0.0022686554236428544
WC712097,0.008101680609836506
WC712098,0.005924029232219924
WC712099,0.002619397402788829
WC712100,0.0005874824079598354
WC712101,0.0019570923901600446
WC712102,0.0013136921315346176
WC712103,0.005993504313524698
WC712104,0.0076760210242028245
WC712105,0.005586933890789595
WC712106,0.005308638748013949
WC712107,0.011358780952314853
WC712108,0.0012712124492189013
WC712109,0.008106721753839823
WC712110,0.0032149421760539884
WC712111,0.006227602712564113
WC712112,0.0012712124492189013
WC712113,0.005932310867074119
WC712114,0.0023899532446923664
WC712115,0.005972770273886914
WC712116,0.007231958033106017
WC712117,0.008167562449309874
WC712118,0.009688283074032283
WC712119,0.21890247015280198
WC712120,0.00684577535977275
WC712121,0.003792212942151577
WC712122,0.0015823070846528657
WC712123,0.0010949152816473271
WC712124,0.001154673205870189
WC712125,0.0013362852288554816
WC712126,0.005259891906848912
WC712127,0.0038356357776893083
WC712128,0.9094906593227794
WC712129,0.00450104207197935
WC712130,0.0052025380021374825
WC712131,0.0012712124492189013
WC712132,0.004628741294467125
WC712133,0.0107539627785358
WC712134,0.0050364790227735955
WC712135,0.011040960477765809
WC712136,0.004865560477554747
WC712137,0.011856609924138378
WC712138,0.06991088866912164
WC712139,0.005312381869933359
WC712140,0.006258925820352003
WC712141,0.010510639551064646
WC712142,0.0042748230507864485
WC712143,0.018117992574932573
WC712144,0.004797434765507446
WC712145,0.004576549407984144
WC712146,0.0044425566060945585
WC712147,0.0012734563094625305
WC712148,0.005601109691296902
WC712149,0.01957418324366028
WC712150,0.005586933890789595
WC712151,0.002683315190756997
WC712152,0.03767098427029296
WC712153,0.004517276844216905
WC712154,0.001969457872182588
WC712155,0.00938770040630459
WC712156,0.07313537382396149
WC712157,0.018550346837213273
WC712158,0.0013789031727436296
WC712159,0.08897169266011525
WC712160,0.002511799443318372
WC712161,0.008070755734609877
WC712162,0.014526097934557452
WC712163,0.0041589765266582665
WC712164,0.008425172686066875
WC712165,0.007085436748312463
WC712166,0.00806752972885082
WC712167,0.005593527600827983
WC712168,0.006258925820352003
WC712169,0.005301450457857814
WC712170,0.004793155990201314
WC712171,0.0072046057316261895
WC712172,0.013866342767038277
WC712173,0.005523439499834228
WC712174,0.004291083539498158
WC712175,0.3818638000676366
WC712176,0.002231081043928555
WC712177,0.006772231092314401
WC712178,0.007171486568032354
WC712179,0.004863965960124499
WC712180,0.9706471143536648
WC712181,0.005301450457857814
WC712182,0.0013009194364533095
WC712183,0.009683294525637735
WC712184,0.008542147764918386
WC712185,0.00419410030858132
WC712186,0.44809735679671536
WC712187,0.004291083539498158
WC712188,0.004755879364530387
WC712189,0.006012334476604129
WC712190,0.00504782226364827
WC712191,0.006539316869600601
WC712192,0.0025047620008150483
WC712193,0.005932310867074119
WC712194,0.0012028705937697467
WC712195,0.0010755249912432587
WC712196,0.019224754908767502
WC712197,0.006007671268316902
WC712198,0.004610641950323736
WC712199,0.004930775922460525
WC712200,0.002144780682714494
WC712201,0.0052025380021374825
WC712202,0.0014946961112051833
WC712203,0.0013809812368149367
WC712204,0.003950249415171327
WC712205,0.006648075240783364
WC712206,0.005151982495392145
WC712207,0.0015692587038564933
WC712208,0.002560332350347997
WC712209,0.002564023129295617
WC712210,0.005301450457857814
WC712211,0.0016186448747159126
WC712212,0.004545275621277394
WC712213,0.001830834033154237
WC712214,0.0032165667685038184
WC712215,0.01206841118698345
WC712216,0.005694092621253211
WC712217,0.005802939969674195
WC712218,0.007261669706305937
WC712219,0.005301450457857814
WC712220,0.004631039311799411
WC712221,0.006176993882021077
WC712222,0.0062745590527346325
WC712223,0.004537795205669484
WC712224,0.0051103361033364575
WC712225,0.010459579618682565
WC712226,0.0062718133287278065
WC712227,0.025574385953671452
WC712228,0.801802211008773
WC712229,0.01763647236600976
WC712230,0.001981346519325304
WC712231,0.008488312432878814
WC712232,0.028510686067239818
WC712233,0.006258925820352003
WC712234,0.0038392895377915223
WC712235,0.004603316036861023
WC712236,0.0012712124492189013
WC712237,0.006258925820352003
WC712238,0.004865560477554747
WC712239,0.0037629386214072308
WC712240,0.0012712124492189013
WC712241,0.004631039311799411
WC712242,0.0017105687530140944
WC712243,0.002984136503732771
WC712244,0.006648075240783364
WC712245,0.004863609356069659
WC712246,0.004700728470771296
WC712247,0.005184065633610438
WC712248,0.004663616145938251
WC712249,0.0010949152816473271
WC712250,0.07760670370408816
WC712251,0.0026356437516650527
WC712252,0.5680484846198521
WC712253,0.0047323808561137845
WC712254,0.004928243984109805
WC712255,0.025342257551115816
WC712256,0.005694092621253211
WC712257,0.004930775922460525
WC712258,0.007822781677867992
WC712259,0.0012712124492189013
WC712260,0.00445348913444707
WC712261,0.4008245389861832
WC712262,0.010459579618682565
WC712263,0.0012712124492189013
WC712264,0.005242289524589762
WC712265,0.003950249415171327
WC712266,0.006457945696184168
WC712267,0.0009902921833430508
WC712268,0.0027888981264759492
WC712269,0.0042971527755521636
WC712270,0.0010944745504829808
WC712271,0.004662520257395022
WC712272,0.004834611116078293
WC712273,0.004613891730104779
WC712274,0.014042538102652302
WC712275,0.002699470133984832
WC712276,0.0052940448275787455
WC712277,0.004379354522264111
WC712278,0.010843780228285988
WC712279,0.001772304239172392
WC712280,0.005924029232219924
WC712281,0.002048890607608941
WC712282,0.005239793947806431
WC712283,0.012284473987562642
WC712284,0.00540705547289364
WC712285,0.0017633145061386898
WC712286,0.002632074759684118
WC712287,0.0012712124492189013
WC712288,0.022948950325833065
WC712289,0.0077164770195143175
WC712290,0.0037706179124310166
WC712291,0.0034596309148499085
WC712292,0.004485067387045477
WC712293,0.005924029232219924
WC712294,0.032265196444306185
WC712295,0.0097199305444939
WC712296,0.011006919558592204
WC712297,0.006036575691063183
WC712298,0.0013386437973160069
WC712299,0.00796721441389918
WC712300,0.005547236155335982
WC712301,0.004206422075508202
WC712302,0.0032926516652812647
WC712303,0.005593527600827983
WC712304,0.0069547572436554775
WC712305,0.0031159739526118307
WC712306,0.005308638748013949
WC712307,0.0010736295157642406
WC712308,0.07235699848096613
WC712309,0.004609504210693683
WC712310,0.006170698497599035
WC712311,0.003792212942151577
WC712312,0.01180188882620087
WC712313,0.0017329235927252815
WC712314,0.0016708242209385034
WC712315,0.00244224577762174
WC712316,0.005012640945150639
WC712317,0.001517433015505481
WC712318,0.009588404443500197
WC712319,0.008118029816084647
WC712320,0.0025608206148081264
WC712321,0.0013362852288554816
WC712322,0.001981346519325304
WC712323,0.0038679546181154684
WC712324,0.0049429255408942755
WC712325,0.0022413971549571907
WC712326,0.004241649374512789
WC712327,0.007721793214805274
WC712328,0.005018050547767616
WC712329,0.296517158539757
WC712330,0.004291083539498158
WC712331,0.004459811148638063
WC712332,0.01652743640042421
WC712333,0.006130312148871324
WC712334,0.001583708042133298
WC712335,0.0012734563094625305
WC712336,0.004833273128959882
WC712337,0.007121303382746647
WC712338,0.026816328568376128
WC712339,0.0042748230507864485
WC712340,0.00402971743723482
WC712341,0.006377793923284155
WC712342,0.004930775922460525
WC712343,0.007392327947739519
WC712344,0.00496609546519966
WC712345,0.001983135897996947
WC712346,0.0012633892861716415
WC712347,0.5772297913883062
WC712348,0.00482814194868044
WC712349,0.0072655394530717985
WC712350,0.00490863107882764
WC712351,0.0018396094996112747
WC712352,0.007013819949943884
WC712353,0.004920726401362338
WC712354,0.006350777057405197
WC712355,0.002058217100897717
WC712356,0.07986466425707225
WC712357,0.0038356357776893083
WC712358,0.0056393948762409685
WC712359,0.006728769794685493
WC712360,0.008178853333160978
WC712361,0.0049929488495238745
WC712362,0.006816258008491
WC712363,0.001067956283232918
WC712364,0.004630548852307903
WC712365,0.0041589765266582665
WC712366,0.0037405120147305294
WC712367,0.005593527600827983
WC712368,0.005068261776362039
WC712369,0.015382685522559749
WC712370,0.008753718553555917
WC712371,0.018219490468455894
WC712372,0.033580932449775384
WC712373,0.0023319643689826064
WC712374,0.004337344175453307
WC712375,0.005301450457857814
WC712376,0.005012471859899772
WC712377,0.004731894683093412
WC712378,0.00437181207552743
WC712379,0.004094823251999394
WC712380,0.537053106245613
WC712381,0.01527632892722577
WC712382,0.004291083539498158
WC712383,0.0063553645022081575
WC712384,0.03232546870226915
WC712385,0.008070755734609877
WC712386,0.0014231766166809406
WC712387,0.005932310867074119
WC712388,0.0010801177268707836
WC712389,0.005439473667573085
WC712390,0.0024650667306271184
WC712391,0.034149213098181246
WC712392,0.0065583707301261635
WC712393,0.005616702650943829
WC712394,0.0114459393205044
WC712395,0.006368894368883255
WC712396,0.0055497492747573875
WC712397,0.004291083539498158
WC712398,0.0031490972914319402
WC712399,0.0022646687484029517
WC712400,0.6096021108490495
WC712401,0.005036927146014825
WC712402,0.04196606504253997
WC712403,0.004272728070904527
WC712404,0.006258925820352003
WC712405,0.00575412321104754
WC712406,0.004128861123067318
WC712407,0.0076372550319689664
WC712408,0.004909160475191047
WC712409,0.0076811797054786215
WC712410,0.0013362852288554816
WC712411,0.005149066107598585
WC712412,0.003923316746579904
WC712413,0.005301450457857814
WC712414,0.012115350464330998
WC712415,0.005036927146014825
WC712416,0.0019461064589807993
WC712417,0.01325712291090468
WC712418,0.005301450457857814
WC712419,0.01915474750097075
WC712420,0.005711579237043078
WC712421,0.010616469972445499
WC712422,0.006377793923284155
WC712423,0.004661122512760427
WC712424,0.0012712124492189013
WC712425,0.06413587090221304
WC712426,0.004616956808757937
WC712427,0.010210103281157555
WC712428,0.006728769794685493
WC712429,0.012973789527403322
WC712430,0.030085370785081642
WC712431,0.005593527600827983
WC712432,0.006164838805423198
WC712433,0.004528860157377542
WC712434,0.0047552903399156405
WC712435,0.00579507213457869
WC712436,0.005815003433866777
WC712437,0.01173068178872101
WC712438,0.0019990251329040547
WC712439,0.007331742727843182
WC712440,0.005296110929919684
WC712441,0.002373473397139809
WC712442,0.0018982427976245789
WC712443,0.005725015793732415
WC712444,0.006096444049468135
WC712445,0.0012712124492189013
WC712446,0.004084749695664946
WC712447,0.012569934334747993
WC712448,0.021616259215691838
WC712449,0.002699470133984832
WC712450,0.008458792300983483
WC712451,0.00450399882340154
WC712452,0.051908869112759916
WC712453,0.00456877956459983
WC712454,0.0034105600070078014
WC712455,0.008701657196405997
WC712456,0.01695974427162433
WC712457,0.0018704015361088553
WC712458,0.0044119292531095665
WC712459,0.021447244889264132
WC712460,0.008347702185296964
WC712461,0.003238796339053419
WC712462,0.005034910977983963
WC712463,0.006876471044322569
WC712464,0.010060723604162753
WC712465,0.025812621261670405
WC712466,0.005340184345062396
WC712467,0.004658969141129227
WC712468,0.0012712124492189013
WC712469,0.0038121896095528675
WC712470,0.005296110929919684
WC712471,0.006886759540742791
WC712472,0.006728769794685493
WC712473,0.0055935778868214355
WC712474,0.0028022657265881754
WC712475,0.005440584229440682
WC712476,0.001387726683495183
WC712477,0.001929236411971243
WC712478,0.05512587758194679
WC712479,0.005932310867074119
WC712480,0.005494076712366707
WC712481,0.0024429826991506543
WC712482,0.06420697988814225
WC712483,0.005932310867074119
WC712484,0.0038757896036566556
WC712485,0.004887073082869992
WC712486,0.0025368475637557336
WC712487,0.005869268676199336
WC712488,0.006932808228336634
WC712489,0.007350880108774941
WC712490,0.006377793923284155
WC712491,0.08897169266011525
WC712492,0.004631039311799411
WC712493,0.36386134020198013
WC712494,0.003386288690544424
WC712495,0.0013543190329675175
WC712496,0.0035304076757207946
WC712497,0.002581600197329874
WC712498,0.006007671268316902
WC712499,0.00478423307421141
WC712500,0.0012712124492189013
WC712501,0.0019544420141012074
WC712502,0.004565296203545132
WC712503,0.012315252383971928
WC712504,0.006377793923284155
WC712505,0.005191494082898174
WC712506,0.008765291913835101
WC712507,0.005940946048559999
WC712508,0.001583708042133298
WC712509,0.003672488931622405
WC712510,0.0025608206148081264
WC712511,0.004165437658879597
WC712512,0.0031582186457811984
WC712513,0.006377793923284155
WC712514,0.006728769794685493
WC712515,0.0016208406231430562
WC712516,0.004131759253036177
WC712517,0.004865560477554747
WC712518,0.004865560477554747
WC712519,0.12376571810572871
WC712520,0.008844050298247115
WC712521,0.002222986828727969
WC712522,0.006349203980478207
WC712523,0.004030096737667357
WC712524,0.002464923092130991
WC712525,0.005593527600827983
WC712526,0.03791060198080793
WC712527,0.009416753622475425
WC712528,0.004281244585870892
WC712529,0.028701277692102168
WC712530,0.011658788329562658
WC712531,0.00620755181789705
WC712532,0.005308638748013949
WC712533,0.002725122067439726
WC712534,0.01695974427162433
WC712535,0.002576608141266837
WC712536,0.006728769794685493
WC712537,0.006182962302774416
WC712538,0.004450427057965603
WC712539,0.0032089429802556455
WC712540,0.0044119292531095665
WC712541,0.009070398605452352
WC712542,0.0026249874468320627
WC712543,0.0013761687251820475
WC712544,0.01652369530463185
WC712545,0.004379354522264111
WC712546,0.04437126058291223
WC712547,0.006580272098667949
WC712548,0.005855425619830238
WC712549,0.007231958033106017
WC712550,0.0012712124492189013
WC712551,0.022698314094801927
WC712552,0.005725015793732415
WC712553,0.0055497492747573875
WC712554,0.004832553592799919
WC712555,0.0010949152816473271
WC712556,0.06981332688342533
WC712557,0.003657181313976343
WC712558,0.004663616145938251
WC712559,0.005932310867074119
WC712560,0.005207880456434095
WC712561,0.008178853333160978
WC712562,0.00490863107882764
WC712563,0.004865560477554747
WC712564,0.0010949152816473271
WC712565,0.006216227331235417
WC712566,0.004853268721091606
WC712567,0.002312560350757638
WC712568,0.004184243751190198
WC712569,0.008424497968282173
WC712570,0.005018050547767616
WC712571,0.013952669467519972
WC712572,0.003628261028203662
WC712573,0.00930589096905955
WC712574,0.003605681668148853
WC712575,0.004141540479617743
WC712576,0.0042748230507864485
WC712577,0.0114459393205044
WC712578,0.003170069896882241
WC712579,0.004655228632595418
WC712580,0.0014649446701152085
WC712581,0.007115744350265553
WC712582,0.005932310867074119
WC712583,0.004273107801658434
WC712584,0.0005864465402696067
WC712585,0.006728769794685493
WC712586,0.0012309824674027168
WC712587,0.01695974427162433
WC712588,0.005301450457857814
WC712589,0.005593527600827983
WC712590,0.004620865879596112
WC712591,0.05011926290847132
WC712592,0.01116303628428352
WC712593,0.005179737410561375
WC712594,0.0026165181985289138
WC712595,0.0025316378596008746
WC712596,0.004558914198790036
WC712597,0.033794159537992544
WC712598,0.006377793923284155
WC712599,0.004165437658879597
WC712600,0.00720122858845197
WC712601,0.006728769794685493
WC712602,0.0009247086218341879
WC712603,0.00588339914039289
WC712604,0.004241649374512789
WC712605,0.0025316378596008746
WC712606,0.0010949152816473271
WC712607,0.006036575691063183
WC712608,0.005711579237043078
WC712609,0.005593527600827983
WC712610,0.0076760210242028245
WC712611,0.006580272098667949
WC712612,0.005755527303776674
WC712613,0.006036575691063183
WC712614,0.0012712124492189013
WC712615,0.0061824031836220025
WC712616,0.002429635883905773
WC712617,0.006040878239639137
WC712618,0.0012028705937697467
WC712619,0.007341605672682393
WC712620,0.006254030685244103
WC712621,0.0010949152816473271
WC712622,0.006298759600069977
WC712623,0.0012712124492189013
WC712624,0.07059148001105264
WC712625,0.0010248861076228638
WC712626,0.005968934062025634
WC712627,0.0012712124492189013
WC712628,0.0026716518958434885
WC712629,0.004517276844216905
WC712630,0.001703195082458025
WC712631,0.005932310867074119
WC712632,0.0013657599597954849
WC712633,0.0072655394530717985
WC712634,0.004014255254219005
WC712635,0.016676335568603824
WC712636,0.0010736295157642406
WC712637,0.0015282708759202272
WC712638,0.004030096737667357
WC712639,0.004337344175453307
WC712640,0.004600426396294531
WC712641,0.0019461064589807993
WC712642,0.5346938087106045
WC712643,0.0014857264975793652
WC712644,0.05100091410443704
WC712645,0.0023899532446923664
WC712646,0.005932310867074119
WC712647,0.00449451593331113
WC712648,0.0052025380021374825
WC712649,0.02437196114018694
WC712650,0.006377793923284155
WC712651,0.0013678782325991922
WC712652,0.006258925820352003
WC712653,0.0030179570922507274
WC712654,0.004892108831742024
WC712655,0.011065294180680396
WC712656,0.014244775873393921
WC712657,0.0034270786830335347
WC712658,0.005314508554280148
WC712659,0.00550747381872787
WC712660,0.007575678951381567
WC712661,0.06708337238553676
WC712662,0.004063939878732083
WC712663,0.006093546287253797
WC712664,0.009756246376968945
WC712665,0.040070451541075566
WC712666,0.005815003433866777
WC712667,0.004405760697050432
WC712668,0.004663616145938251
WC712669,0.005855420049117963
WC712670,0.006377793923284155
WC712671,0.0022540330493185643
WC712672,0.003563811764306582
WC712673,0.0012028705937697467
WC712674,0.007437181611868423
WC712675,0.005587895550493258
WC712676,0.04676226825093035
WC712677,0.006258925820352003
WC712678,0.004068659152571135
WC712679,0.005932310867074119
WC712680,0.006504172273035158
WC712681,0.004165437658879597
WC712682,0.005151982495392145
WC712683,0.0021546144472648645
WC712684,0.0017105687530140944
WC712685,0.003792212942151577
WC712686,0.00849927240520798
WC712687,0.0014950832835999952
WC712688,0.004515464753008953
WC712689,0.0026716518958434885
WC712690,0.004755879364530387
WC712691,0.006368894368883255
WC712692,0.00789442192385368
WC712693,0.005348978709402464
WC712694,0.0012712124492189013
WC712695,0.006007671268316902
WC712696,0.0012712124492189013
WC712697,0.004885964083562861
WC712698,0.0066074588795494524
WC712699,0.0007274152764675082
WC712700,0.005932310867074119
WC712701,0.004655228632595418
WC712702,0.02363392552860752
WC712703,0.006007671268316902
WC712704,0.005593527600827983
WC712705,0.005614791734749008
WC712706,0.0072927456069195595
WC712707,0.0025588021042365883
WC712708,0.006258925820352003
WC712709,0.0014846774911717558
WC712710,0.004432089699960887
WC712711,0.006135199658658945
WC712712,0.00579670452552227
WC712713,0.005296110929919684
WC712714,0.004517276844216905
WC712715,0.001416559126099396
WC712716,0.0038450973566525955
WC712717,0.004882848293303426
WC712718,0.004013929561779144
WC712719,0.004655228632595418
WC712720,0.002015363782599752
WC712721,0.0036357434529014332
WC712722,0.0013130222952427789
WC712723,0.0016964716925363817
WC712724,0.660583799688177
WC712725,0.004576549407984144
WC712726,0.0071705442988050224
WC712727,0.006926472991533414
WC712728,0.009411496062373442
WC712729,0.0044425566060945585
WC712730,0.0017134839034027949
WC712731,0.0014478139760201786
WC712732,0.0010736295157642406
WC712733,0.005308638748013949
WC712734,0.08443272493092743
WC712735,0.00522279079831188
WC712736,0.007629578408238419
WC712737,0.003883437919671194
WC712738,0.004636184827907795
WC712739,0.347170411777638
WC712740,0.0037481738227960197
WC712741,0.004865560477554747
WC712742,0.0017187769482061663
WC712743,0.0012712124492189013
WC712744,0.002581600197329874
WC712745,0.0042748230507864485
WC712746,0.004863609356069659
WC712747,0.0027761665043158864
WC712748,0.04676226825093035
WC712749,0.05382763090319367
WC712750,0.004498519977966858
WC712751,0.08897169266011525
WC712752,0.0020685874114420816
WC712753,0.0017105687530140944
WC712754,0.9118751920860687
WC712755,0.003792212942151577
WC712756,0.0014950832835999952
WC712757,0.006728769794685493
WC712758,0.004684660830730089
WC712759,0.0033868030637318434
WC712760,0.008241476207520615
WC712761,0.00270298864716037
WC712762,0.004006147250394203
WC712763,0.00456877956459983
WC712764,0.006879953142753587
WC712765,0.001387726683495183
WC712766,0.004386373191909485
WC712767,0.005923087793565256
WC712768,0.0025608206148081264
WC712769,0.0052025380021374825
WC712770,0.004199250468331531
WC712771,0.005601109691296902
WC712772,0.0017105687530140944
WC712773,0.00270298864716037
WC712774,0.009855619594207977
WC712775,0.0038081314299309413
WC712776,0.0017758091269345448
WC712777,0.008944406890703667
WC712778,0.007013819949943884
WC712779,0.006728769794685493
WC712780,0.005921244042928393
WC712781,0.0020928782915206044
WC712782,0.0055497492747573875
WC712783,0.005308638748013949
WC712784,0.007013819949943884
WC712785,0.007115744350265553
WC712786,0.7975256000786981
WC712787,0.015762355628690092
WC712788,0.03787587393037694
WC712789,0.0012712124492189013
WC712790,0.007444263385812971
WC712791,0.011065294180680396
WC712792,0.004094823251999394
WC712793,0.0017105687530140944
WC712794,0.005308638748013949
WC712795,0.006036575691063183
WC712796,0.00490863107882764
WC712797,0.0061981688562575
WC712798,0.005587895550493258
WC712799,0.005932310867074119
WC712800,0.0006240698952025592
WC712801,0.01468002112328187
WC712802,0.005485314720339434
WC712803,0.008476354170114789
WC712804,0.006377793923284155
WC712805,0.02437196114018694
WC712806,0.41207051624224084
WC712807,0.006728769794685493
WC712808,0.005932310867074119
WC712809,0.008946159739862158
WC712810,0.08897169266011525
WC712811,0.00449451593331113
WC712812,0.780807341976852
WC712813,0.08511311191656662
WC712814,0.004890249883874085
WC712815,0.0012712124492189013
WC712816,0.005932310867074119
WC712817,0.003174819722750981
WC712818,0.002875564169607941
WC712819,0.005921858294041412
WC712820,0.007103781429043083
WC712821,0.005593527600827983
WC712822,0.005120120882919245
WC712823,0.0018396094996112747
WC712824,0.0034485190986374317
WC712825,0.0127285353131211
WC712826,0.0052887127188037675
WC712827,0.005883601886076843
WC712828,0.006368894368883255
WC712829,0.005708412434639092
WC712830,0.004558914198790036
WC712831,0.005932310867074119
WC712832,0.7236394713558298
WC712833,0.005628418526977093
WC712834,0.006728769794685493
WC712835,0.006502459336803479
WC712836,0.0010158991430391608
WC712837,0.005448180020778508
WC712838,0.006728769794685493
WC712839,0.005448180020778508
WC712840,0.028510686067239818
WC712841,0.004716783986589971
WC712842,0.006258925820352003
WC712843,0.005263267625988562
WC712844,0.027401279897098764
WC712845,0.006634522161533908
WC712846,0.005301450457857814
WC712847,0.005932310867074119
WC712848,0.001568840629672367
WC712849,0.004920726401362338
WC712850,0.006377793923284155
WC712851,0.004930775922460525
WC712852,0.005301450457857814
WC712853,0.004890249883874085
WC712854,0.007665740879051234
WC712855,0.004291083539498158
WC712856,0.010677409420285599
WC712857,0.002238542315784655
WC712858,0.0076811797054786215
WC712859,0.0025554513155373383
WC712860,0.009411496062373442
WC712861,0.0013285220525858026
WC712862,0.014970110224890384
WC712863,0.005012471859899772
WC712864,0.0015337312169566737
WC712865,0.0052887127188037675
WC712866,0.005301450457857814
WC712867,0.005850296625929596
WC712868,0.004655508331572685
WC712869,0.006377793923284155
WC712870,0.0018396094996112747
WC712871,0.0111502222719524
WC712872,0.002169944598162478
WC712873,0.003331627023359958
WC712874,0.004846813538461469
WC712875,0.01325712291090468
WC712876,0.005694092621253211
WC712877,0.005526371654503765
WC712878,0.007115744350265553
WC712879,0.0061118402333584275
WC712880,0.001583708042133298
WC712881,0.006806618971975644
WC712882,0.0027180194468117485
WC712883,0.00694505822368454
WC712884,0.005296110929919684
WC712885,0.002077851468885967
WC712886,0.028510686067239818
WC712887,0.0041700635100963696
WC712888,0.006728769794685493
WC712889,0.0038356357776893083
WC712890,0.009775204714656288
WC712891,0.005576270658205364
WC712892,0.0801480955507642
WC712893,0.0019326812137996203
WC712894,0.0007246091529293937
WC712895,0.005906846405472688
WC712896,0.01690386586892431
WC712897,0.0017105687530140944
WC712898,0.006385939228857421
WC712899,0.02646995338473759
WC712900,0.028851656161464852
WC712901,0.0012901060580334846
WC712902,0.0025047620008150483
WC712903,0.004500200836745295
WC712904,0.004865560477554747
WC712905,0.004068659152571135
WC712906,0.006648075240783364
WC712907,0.7971405608501846
WC712908,0.006648075240783364
WC712909,0.0035204892209128426
WC712910,0.007908565909186333
WC712911,0.004865560477554747
WC712912,0.006007671268316902
WC712913,0.0022712118353742264
WC712914,0.004739004540042972
WC712915,0.004983774874302498
WC712916,0.0025608206148081264
WC712917,0.00048549277243731313
WC712918,0.004217992165988016
WC712919,0.004882243620489589
WC712920,0.008471761390180277
WC712921,0.00427855625027255
WC712922,0.010605672141427026
WC712923,0.006377793923284155
WC712924,0.0022570986915613897
WC712925,0.0025047620008150483
WC712926,0.006509121146913498
WC712927,0.006377793923284155
WC712928,0.004816303926877389
WC712929,0.006429826078240183
WC712930,0.004291083539498158
WC712931,0.00391142220417489
WC712932,0.003792212942151577
WC712933,0.03260385940902073
WC712934,0.006216227331235417
WC712935,0.006296565501266752
WC712936,0.0032247472420644584
WC712937,0.004623419689727869
WC712938,0.36386134020198013
WC712939,0.0010736295157642406
WC712940,0.003880698527203115
WC712941,0.003813402623417486
WC712942,0.006007671268316902
WC712943,0.06576893314810824
WC712944,0.0018949001374929859
WC712945,0.004275169821400717
WC712946,0.01228113736383378
WC712947,0.0019641698318523704
WC712948,0.004059686987809689
WC712949,0.006055539309297931
WC712950,0.003644538965046078
WC712951,0.0041589765266582665
WC712952,0.001128641558318017
WC712953,0.0012712124492189013
WC712954,0.0052025380021374825
WC712955,0.028510686067239818
WC712956,0.004023440824797813
WC712957,0.010562258062870752
WC712958,0.010459579618682565
WC712959,0.007300457384619348
WC712960,0.0016275585446916118
WC712961,0.0017129908336240825
WC712962,0.0047471318174166395
WC712963,0.005601109691296902
WC712964,0.009688283074032283
WC712965,0.0026165181985289138
WC712966,0.005246625673988237
WC712967,0.005932310867074119
WC712968,0.0012712124492189013
WC712969,0.0026271294001547923
WC712970,0.0033499272729017324
WC712971,0.004050538193160537
WC712972,0.22659502210314608
WC712973,0.007567412538712259
WC712974,0.00419410030858132
WC712975,0.004631039311799411
WC712976,0.004266621346348799
WC712977,0.006539316869600601
WC712978,0.005906846405472688
WC712979,0.10528704172585822
WC712980,0.005601109691296902
WC712981,0.004013929561779144
WC712982,0.0041589765266582665
WC712983,0.0012712124492189013
WC712984,0.0017927998357135549
WC712985,0.004340654365540599
WC712986,0.004731894683093412
WC712987,0.00544014957859107
WC712988,0.0012219819471014995
WC712989,0.0028758060342238896
WC712990,0.03991014330460127
WC712991,0.002910672978144532
WC712992,0.005036927146014825
WC712993,0.0033084022997777497
WC712994,0.0031490972914319402
WC712995,0.00517497173692674
WC712996,0.0016964716925363817
WC712997,0.005308638748013949
WC712998,0.002817199058548832
WC712999,0.004882848293303426
WC713000,0.001583708042133298
WC713001,0.004663616145938251
WC713002,0.0023300828593398417
WC713003,0.007249135771039188
WC713004,0.005314508554280148
WC713005,0.020300793964016225
WC713006,0.0011329443828236592
WC713007,0.0069787950647782005
WC713008,0.005932310867074119
WC713009,0.00977330354791595
WC713010,0.004755879364530387
WC713011,0.006258925820352003
WC713012,0.005432285229487151
WC713013,0.0014902247907141928
WC713014,0.0014972654941895933
WC713015,0.0031490972914319402
WC713016,0.0012878328983673333
WC713017,0.0018233447726031745
WC713018,0.006377793923284155
WC713019,0.006377793923284155
WC713020,0.1889868351196536
WC713021,0.0010158991430391608
WC713022,0.010164555406663599
WC713023,0.005151982495392145
WC713024,0.0010260981061633687
WC713025,0.004887073082869992
WC713026,0.0037186452438259065
WC713027,0.14609169720282508
WC713028,0.004238041644795101
WC713029,0.6952198633139693
WC713030,0.006386285120522834
WC713031,0.00491995179809549
WC713032,0.2424352663588624
WC713033,0.004219306279937691
WC713034,0.004548860345236717
WC713035,0.00424530489155355
WC713036,0.00593840204497831
WC713037,0.006216227331235417
WC713038,0.0017631758271221829
WC713039,0.0017431243379913176
WC713040,0.0047282694000612135
WC713041,0.0026507192175003382
WC713042,0.005519110381574612
WC713043,0.0022777900303439405
WC713044,0.0068449224339549395
WC713045,0.0014876069654788863
WC713046,0.009823020464621374
WC713047,0.004499050950194817
WC713048,0.025574385953671452
WC713049,0.008201465117507585
WC713050,0.006377793923284155
WC713051,0.004930775922460525
WC713052,0.6420408581002247
WC713053,0.00263154726456195
WC713054,0.0014950832835999952
WC713055,0.006377793923284155
WC713056,0.3938696853540211
WC713057,0.008170600913227948
WC713058,0.660583799688177
WC713059,0.004944300044730772
WC713060,0.00410797450061102
WC713061,0.0035204892209128426
WC713062,0.005000250160395846
WC713063,0.00424530489155355
WC713064,0.00719165565843653
WC713065,0.004865560477554747
WC713066,0.008107408033040752
WC713067,0.0017105687530140944
WC713068,0.004172312976816804
WC713069,0.004755879364530387
WC713070,0.0056792908741761005
WC713071,0.03184627542548567
WC713072,0.007144815601022367
WC713073,0.004930775922460525
WC713074,0.005562873712663396
WC713075,0.005301450457857814
WC713076,0.004515464753008953
WC713077,0.001417186222648312
WC713078,0.006007671268316902
WC713079,0.4752680255242668
WC713080,0.004017715590309115
WC713081,0.007141101759233597
WC713082,0.0014950832835999952
WC713083,0.004684660830730089
WC713084,0.006377793923284155
WC713085,0.003801186702574999
WC713086,0.004299470502331362
WC713087,0.005870118394197702
WC713088,0.0014340277761476941
WC713089,0.0052025380021374825
WC713090,0.002403842438911478
WC713091,0.004865560477554747
WC713092,0.018147083112844714
WC713093,0.0012712124492189013
WC713094,0.0026716518958434885
WC713095,0.0010736295157642406
WC713096,0.012552503442302354
WC713097,0.0025663711221476882
WC713098,0.00427855625027255
WC713099,0.005217078369483966
WC713100,0.005830767926180287
WC713101,0.0012712124492189013
WC713102,0.006258925820352003
WC713103,0.014256470811061111
WC713104,0.007167926586434359
WC713105,0.0010949152816473271
WC713106,0.003991207077390811
WC713107,0.008486458575610194
WC713108,0.007576042668976498
WC713109,0.0031490972914319402
WC713110,0.004055372998148776
WC713111,0.003331356530005565
WC713112,0.004515464753008953
WC713113,0.0012712124492189013
WC713114,0.003643983409442279
WC713115,0.006084403405335383
WC713116,0.006560383038713934
WC713117,0.006517390609322795
WC713118,0.002407919635138674
WC713119,0.004014255254219005
WC713120,0.03837009683180835
WC713121,0.005018050547767616
WC713122,0.004836855356152673
WC713123,0.004657097338951207
WC713124,0.0064795164640040846
WC713125,0.005296110929919684
WC713126,0.0009247086218341879
WC713127,0.006017189963478574
WC713128,0.005932310867074119
WC713129,0.006007671268316902
WC713130,0.025096601786013396
WC713131,0.006133066868355176
WC713132,0.009428990226649817
WC713133,0.005308638748013949
WC713134,0.0027932909879976927
WC713135,0.006728769794685493
WC713136,0.004460798143803964
WC713137,0.004384867915507682
WC713138,0.0034658619296311028
WC713139,0.0017105687530140944
WC713140,0.780807341976852
WC713141,0.008118029816084647
WC713142,0.0035608759797155103
WC713143,0.002320166038714798
WC713144,0.003991630090502085
WC713145,0.004537795205669484
WC713146,0.004694169165672541
WC713147,0.037620502539089724
WC713148,0.006879953142753587
WC713149,0.009297964646762063
WC713150,0.019419338645375244
WC713151,0.003743656264481258
WC713152,0.005970078454173126
WC713153,0.008076484829479275
WC713154,0.004966815080398891
WC713155,0.05171003917363641
WC713156,0.00496609546519966
WC713157,0.11620246100505907
WC713158,0.005301450457857814
WC713159,0.007872218943422217
WC713160,0.006182658537706904
WC713161,0.005296110929919684
WC713162,0.0045692289983273295
WC713163,0.0016208406231430562
WC713164,0.002169944598162478
WC713165,0.0018396094996112747
WC713166,0.014269033962311684
WC713167,0.0012712124492189013
WC713168,0.005252931411859169
WC713169,0.0018259731463271354
WC713170,0.0010736295157642406
WC713171,0.01206841118698345
WC713172,0.0022572385103033915
WC713173,0.0012712124492189013
WC713174,0.0052025380021374825
WC713175,0.004241649374512789
WC713176,0.004863609356069659
WC713177,0.0011768015028974083
WC713178,0.0012712124492189013
WC713179,0.005398940808266647
WC713180,0.021158614591525814
WC713181,0.0052025380021374825
WC713182,0.003743656264481258
WC713183,0.00594564845549475
WC713184,0.004299470502331362
WC713185,0.005937466535311486
WC713186,0.005853391102630244
WC713187,0.00736401057457786
WC713188,0.003792212942151577
WC713189,0.005860539227166176
WC713190,0.0012712124492189013
WC713191,0.4361948065470975
WC713192,0.002581600197329874
WC713193,0.0041589765266582665
WC713194,0.0044119292531095665
WC713195,0.0012373798190671746
WC713196,0.005906846405472688
WC713197,0.0013113135099159794
WC713198,0.003644538965046078
WC713199,0.0015773373837710543
WC713200,0.01079444067968708
WC713201,0.0012734563094625305
WC713202,0.035253747891352646
WC713203,0.004477973617972942
WC713204,0.011068352583441932
WC713205,0.08897169266011525
WC713206,0.002581600197329874
WC713207,0.006368894368883255
WC713208,0.00741424825279588
WC713209,0.0012734563094625305
WC713210,0.004994336359326961
WC713211,0.0006240698952025592
WC713212,0.005694092621253211
WC713213,0.0801480955507642
WC713214,0.0012712124492189013
WC713215,0.0055497492747573875
WC713216,0.0054550374293272875
WC713217,0.005587895550493258
WC713218,0.006007671268316902
WC713219,0.001603618239907019
WC713220,0.0019193505132787372
WC713221,0.0023498640483539074
WC713222,0.0048540699212073985
WC713223,0.0070178620826272615
WC713224,0.008134286030284836
WC713225,0.005526371654503765
WC713226,0.005191494082898174
WC713227,0.0010736295157642406
WC713228,0.011006919558592204
WC713229,0.0012878328983673333
WC713230,0.0013936636088083736
WC713231,0.003452551254536925
WC713232,0.0026716518958434885
WC713233,0.0019570923901600446
WC713234,0.004746573847927718
WC713235,0.001517433015505481
WC713236,0.017549177942366868
WC713237,0.012569934334747993
WC713238,0.005906846405472688
WC713239,0.005932310867074119
WC713240,0.011161219849275273
WC713241,0.006728769794685493
WC713242,0.0032926516652812647
WC713243,0.008982066497223959
WC713244,0.005593527600827983
WC713245,0.03171152450780617
WC713246,0.006487292916783227
WC713247,0.006845356014217246
WC713248,0.008576131405002132
WC713249,0.0047323808561137845
WC713250,0.014155264619360858
WC713251,0.026962523736440043
WC713252,0.004755879364530387
WC713253,0.007726402727981923
WC713254,0.0010949152816473271
WC713255,0.0014031348363691414
WC713256,0.0026716518958434885
WC713257,0.0016208406231430562
WC713258,0.004323924202391966
WC713259,0.008103297144449443
WC713260,0.006696571459657593
WC713261,0.0017407632209834913
WC713262,0.0038392895377915223
WC713263,0.0066074588795494524
WC713264,0.045347071922633445
WC713265,0.02806137894433481
WC713266,0.007235968472314107
WC713267,0.005970078454173126
WC713268,0.005932310867074119
WC713269,0.006349226312926447
WC713270,0.007396069319745189
WC713271,0.006036575691063183
WC713272,0.005276106434159458
WC713273,0.001360995363329905
WC713274,0.006639267745126381
WC713275,0.004655508331572685
WC713276,0.006352693668023945
WC713277,0.012569934334747993
WC713278,0.00627819116620647
WC713279,0.005382954038875832
WC713280,0.0037481738227960197
WC713281,0.0028659151469315777
WC713282,0.0035900581760361693
WC713283,0.008097356316157602
WC713284,0.006258925820352003
WC713285,0.001517433015505481
WC713286,0.002908255435680939
WC713287,0.00424530489155355
WC713288,0.005932310867074119
WC713289,0.006511712664011339
WC713290,0.0010949152816473271
WC713291,0.0012712124492189013
WC713292,0.01684756314019589
WC713293,0.004517276844216905
WC713294,0.004263765049618706
WC713295,0.004991799457226532
WC713296,0.004731894683093412
WC713297,0.009688283074032283
WC713298,0.006377793923284155
WC713299,0.006377793923284155
WC713300,0.05771074935896099
WC713301,0.0009601328933072779
WC713302,0.005562873712663396
WC713303,0.004223361278895834
WC713304,0.0016876775953089957
WC713305,0.004930775922460525
WC713306,0.010128443457177717
WC713307,0.0062952123520982756
WC713308,0.00719165565843653
WC713309,0.01084284652188168
WC713310,0.0058125239105470605
WC713311,0.002234533101103195
WC713312,0.0022686554236428544
WC713313,0.009537620250653014
WC713314,0.005815200300037404
WC713315,0.005553313516699775
WC713316,0.030829526651841604
WC713317,0.006377793923284155
WC713318,0.005273362871478343
WC713319,0.001387726683495183
WC713320,0.009181215998443432
WC713321,0.0018125407445099787
WC713322,0.0036462012589919537
WC713323,0.0010949152816473271
WC713324,0.0010949152816473271
WC713325,0.05382763090319367
WC713326,0.0015282708759202272
WC713327,0.0012734563094625305
WC713328,0.005301450457857814
WC713329,0.00478423307421141
WC713330,0.004016458009193916
WC713331,0.042172214760710154
WC713332,0.0012633892861716415
WC713333,0.003386288690544424
WC713334,0.04792157877182388
WC713335,0.0025316378596008746
WC713336,0.00490863107882764
WC713337,0.0012734563094625305
WC713338,0.0012734563094625305
WC713339,0.001387726683495183
WC713340,0.03184627542548567
WC713341,0.002549017858364492
WC713342,0.00735822846303013
WC713343,0.004534151539890495
WC713344,0.0018908397939389403
WC713345,0.004751472867930756
WC713346,0.005883601886076843
WC713347,0.006135199658658945
WC713348,0.03464931389865462
WC713349,0.009831885013501632
WC713350,0.00627819116620647
WC713351,0.007013819949943884
WC713352,0.004165437658879597
WC713353,0.0014457346745327872
WC713354,0.0012712124492189013
WC713355,0.004537795205669484
WC713356,0.0014544605964999853
WC713357,0.003643983409442279
WC713358,0.006426529266715439
WC713359,0.0018900089802075446
WC713360,0.004663616145938251
WC713361,0.004013929561779144
WC713362,0.004006076275062032
WC713363,0.005593527600827983
WC713364,0.0044425566060945585
WC713365,0.01206841118698345
WC713366,0.0072655394530717985
WC713367,0.08952748943156219
WC713368,0.0010487279188103667
WC713369,0.0025554513155373383
WC713370,0.004930775922460525
WC713371,0.0014031348363691414
WC713372,0.00579670452552227
WC713373,0.0013362852288554816
WC713374,0.0226931771378915
WC713375,0.007318644244786966
WC713376,0.005694092621253211
WC713377,0.0018949001374929859
WC713378,0.00901076717794562
WC713379,0.0052025380021374825
WC713380,0.004930775922460525
WC713381,0.0017329235927252815
WC713382,0.025957826404041637
WC713383,0.004517276844216905
WC713384,0.005413371350988243
WC713385,0.006698617127794268
WC713386,0.006421271977136392
WC713387,0.012569934334747993
WC713388,0.0023655405037647467
WC713389,0.009537620250653014
WC713390,0.00449451593331113
WC713391,0.006728769794685493
WC713392,0.0010982509873529204
WC713393,0.0019028831929678218
WC713394,0.004185741018145966
WC713395,0.004415042911436714
WC713396,0.004159064766129952
WC713397,0.025574385953671452
WC713398,0.006377793923284155
WC713399,0.01119438460489489
WC713400,0.0012878328983673333
WC713401,0.0052025380021374825
WC713402,0.016676335568603824
WC713403,0.05116502494285972
WC713404,0.035986507592106046
WC713405,0.005270099198555936
WC713406,0.006346684026248146
WC713407,0.023925796734103045
WC713408,0.017264282352058596
WC713409,0.007146127668502563
WC713410,0.0035204892209128426
WC713411,0.006752023738530273
WC713412,0.0031490972914319402
WC713413,0.006043685262817635
WC713414,0.006377793923284155
WC713415,0.004273107801658434
WC713416,0.0012712124492189013
WC713417,0.0017187769482061663
WC713418,0.7971569761752325
WC713419,0.005694092621253211
WC713420,0.005432285229487151
WC713421,0.0038137121072943734
WC713422,0.0027761665043158864
WC713423,0.005006217980436766
WC713424,0.02607192366027517
WC713425,0.006216227331235417
WC713426,0.0038757896036566556
WC713427,0.005970078454173126
WC713428,0.0028628693344778526
WC713429,0.004459811148638063
WC713430,0.005883601886076843
WC713431,0.0012712124492189013
WC713432,0.0010949152816473271
WC713433,0.005151982495392145
WC713434,0.006258925820352003
WC713435,0.007105280488936051
WC713436,0.0023776511533523947
WC713437,0.006728769794685493
WC713438,0.09245345249017357
WC713439,0.5680484846198521
WC713440,0.004166296413442497
WC713441,0.0010158991430391608
WC713442,0.012242862005570728
WC713443,0.00620755181789705
WC713444,0.0051636530795462175
WC713445,0.004238041644795101
WC713446,0.012478028274407704
WC713447,0.005296110929919684
WC713448,0.0016786555610729366
WC713449,0.0012878328983673333
WC713450,0.0024429826991506543
WC713451,0.004515464753008953
WC713452,0.042027566102486494
WC713453,0.006377793923284155
WC713454,0.011539759759699916
WC713455,0.6428454874419135
WC713456,0.0027889021732451992
WC713457,0.0037481738227960197
WC713458,0.005711579237043078
WC713459,0.003452551254536925
WC713460,0.0012734563094625305
WC713461,0.01111481787269478
WC713462,0.0014478139760201786
WC713463,0.0010949152816473271
WC713464,0.00202722155533058
WC713465,0.008518088566700223
WC713466,0.0047323808561137845
WC713467,0.0021932808018391894
WC713468,0.006377793923284155
WC713469,0.0023899532446923664
WC713470,0.004865560477554747
WC713471,0.006377793923284155
WC713472,0.0012734563094625305
WC713473,0.9094906593227794
WC713474,0.0012712124492189013
WC713475,0.004991799457226532
WC713476,0.006842272960184837
WC713477,0.004537795205669484
WC713478,0.0019058772052825248
WC713479,0.0012712124492189013
WC713480,0.002464923092130991
WC713481,0.0012878328983673333
WC713482,0.005932310867074119
WC713483,0.003801186702574999
WC713484,0.0076300181045760645
WC713485,0.005494076712366707
WC713486,0.004310084605532849
WC713487,0.004631039311799411
WC713488,0.10913275566217844
WC713489,0.004515464753008953
WC713490,0.01062392166564334
WC713491,0.005308638748013949
WC713492,0.06991088866912164
WC713493,0.004050538193160537
WC713494,0.0026507192175003382
WC713495,0.007483901336402137
WC713496,0.007013819949943884
WC713497,0.00428347626306772
WC713498,0.005329888587113812
WC713499,0.0015300511262610042
WC713500,0.006388895240313092
WC713501,0.0010949152816473271
WC713502,0.005869268676199336
WC713503,0.005869268676199336
WC713504,0.0010949152816473271
WC713505,0.0017927998357135549
WC713506,0.005258442580274152
WC713507,0.04398330879600606
WC713508,0.08511311191656662
WC713509,0.007774273987268695
WC713510,0.002323131686062618
WC713511,0.008694426102202706
WC713512,0.006728769794685493
WC713513,0.004565296203545132
WC713514,0.0048540699212073985
WC713515,0.06410245000824996
WC713516,0.0017086235133721252
WC713517,0.0015337312169566737
WC713518,0.005964432495716561
WC713519,0.0017953226802042172
WC713520,0.00720122858845197
WC713521,0.0012712124492189013
WC713522,0.002927840390944207
WC713523,0.0024317088605499766
WC713524,0.025091477791673433
WC713525,0.006182962302774416
WC713526,0.005439473667573085
WC713527,0.0014478139760201786
WC713528,0.02596261627545183
WC713529,0.0012712124492189013
WC713530,0.003686164237423665
WC713531,0.009542499773468018
WC713532,0.0012712124492189013
WC713533,0.0017764860974281674
WC713534,0.780807341976852
WC713535,0.00165838256866699
WC713536,0.004241649374512789
WC713537,0.0032510201624652815
WC713538,0.004165437658879597
WC713539,0.00915654457107992
WC713540,0.00491995179809549
WC713541,0.0032543683732956224
WC713542,0.010210103281157555
WC713543,0.012569934334747993
WC713544,0.006377793923284155
WC713545,0.0035350370004214836
WC713546,0.004746569776271042
WC713547,0.005694092621253211
WC713548,0.0012712124492189013
WC713549,0.0012712124492189013
WC713550,0.0023955708791550405
WC713551,0.0041589765266582665
WC713552,0.005725015793732415
WC713553,0.007313277024120923
WC713554,0.0017329235927252815
WC713555,0.004267153366667101
WC713556,0.0017039920065510597
WC713557,0.0012028705937697467
WC713558,0.004556877878866411
WC713559,0.006377793923284155
WC713560,0.001387726683495183
WC713561,0.003997125614167413
WC713562,0.0017039920065510597
WC713563,0.007682936148598248
WC713564,0.005243282793577349
WC713565,0.010783375412625905
WC713566,0.004865560477554747
WC713567,0.0010801177268707836
WC713568,0.005477361170492276
WC713569,0.01031591739698362
WC713570,0.006258925820352003
WC713571,0.0020279366471870606
WC713572,0.004068659152571135
WC713573,0.0056338531154822135
WC713574,0.0010360415343339858
WC713575,0.00462957388614833
WC713576,0.007115744350265553
WC713577,0.0012373798190671746
WC713578,0.0047541006897517364
WC713579,0.005694092621253211
WC713580,0.004576549407984144
WC713581,0.004291083539498158
WC713582,0.004623419689727869
WC713583,0.004930775922460525
WC713584,0.006501400874026989
WC713585,0.03207926319633299
WC713586,0.015130600625723696
WC713587,0.008654104894956997
WC713588,0.012495584941414799
WC713589,0.00165838256866699
WC713590,0.004793155990201314
WC713591,0.0042806238719929075
WC713592,0.0012712124492189013
WC713593,0.004739004540042972
WC713594,0.012712828533343403
WC713595,0.005354315082448509
WC713596,0.005869268676199336
WC713597,0.0017329235927252815
WC713598,0.005932310867074119
WC713599,0.0011306340467365642
